<?xml version="1.0" encoding="UTF-8" standalone="yes"?>
<addon id="repository.homer2" name="[COLOR gold]Homer Repository[/COLOR]" version="1.0.3" provider-name="Johannes">
    <extension point="xbmc.addon.repository" name="[COLOR gold]Homer Repository[/COLOR]">
		<dir>
			<info compressed="false">https://raw.githubusercontent.com/jasonbuechler/k2/master/addons.xml</info>
			<checksum>https://raw.githubusercontent.com/jasonbuechler/k2/master/addons.xml.md5</checksum>
			<datadir zip="true">https://raw.githubusercontent.com/jasonbuechler/k/master/</datadir>
		</dir>
    </extension>
    <extension point="xbmc.addon.metadata">
		<summary lang="en">The Homer repository</summary>
		<description lang="en">The Homer repository: the repository of Homer, by Johannes</description>
		<platform>all</platform>
		<news>[B]1.0.3[/B][CR]Johannes ftw</news>
    </extension>
</addon>